ano,Categoria CID-10,mes,OBITOS,AREA_DESMATADA_KM2,FRP,RISCOFOGO,PRECIPITACAO,DIASEMCHUVA,pm2.5_atm,QUALIDADE_AR_CLASSIFICADA,CID_PURO,Sensibilidade
2020,J40   Bronquite NE como aguda ou cronica,1,-,0.0707245956608127,,0.0,1.1111111111111112,2.333333333333333,10.9135,Boa,J40,Alta
2020,J43   Enfisema,1,1,0.0707245956608127,,0.0,1.1111111111111112,2.333333333333333,10.9135,Boa,J43,Alta
2020,J44   Outr doenc pulmonares obstrutivas cronicas,1,20,0.0707245956608127,,0.0,1.1111111111111112,2.333333333333333,10.9135,Boa,J44,Alta
2020,J45   Asma,1,-,0.0707245956608127,,0.0,1.1111111111111112,2.333333333333333,10.9135,Boa,J45,Alta
2020,J46   Estado de mal asmatico,1,1,0.0707245956608127,,0.0,1.1111111111111112,2.333333333333333,10.9135,Boa,J46,Alta
2020,J47   Bronquectasia,1,1,0.0707245956608127,,0.0,1.1111111111111112,2.333333333333333,10.9135,Boa,J47,Alta
2020,J64   Pneumoconiose NE,1,-,0.0707245956608127,,0.0,1.1111111111111112,2.333333333333333,10.9135,Boa,J64,Alta
2020,J67   Pneumonite hipersensibilid dev poeiras org,1,-,0.0707245956608127,,0.0,1.1111111111111112,2.333333333333333,10.9135,Boa,J67,Alta
2020,J69   Pneumonite dev solidos e liquidos,1,3,0.0707245956608127,,0.0,1.1111111111111112,2.333333333333333,10.9135,Boa,J69,Alta
2020,J40   Bronquite NE como aguda ou cronica,2,-,0.108454904506648,,0.05,1.4285714285714286,3.7142857142857135,9.3185,Boa,J40,Alta
2020,J43   Enfisema,2,-,0.108454904506648,,0.05,1.4285714285714286,3.7142857142857135,9.3185,Boa,J43,Alta
2020,J44   Outr doenc pulmonares obstrutivas cronicas,2,21,0.108454904506648,,0.05,1.4285714285714286,3.7142857142857135,9.3185,Boa,J44,Alta
2020,J45   Asma,2,1,0.108454904506648,,0.05,1.4285714285714286,3.7142857142857135,9.3185,Boa,J45,Alta
2020,J46   Estado de mal asmatico,2,-,0.108454904506648,,0.05,1.4285714285714286,3.7142857142857135,9.3185,Boa,J46,Alta
2020,J47   Bronquectasia,2,-,0.108454904506648,,0.05,1.4285714285714286,3.7142857142857135,9.3185,Boa,J47,Alta
2020,J64   Pneumoconiose NE,2,-,0.108454904506648,,0.05,1.4285714285714286,3.7142857142857135,9.3185,Boa,J64,Alta
2020,J67   Pneumonite hipersensibilid dev poeiras org,2,1,0.108454904506648,,0.05,1.4285714285714286,3.7142857142857135,9.3185,Boa,J67,Alta
2020,J69   Pneumonite dev solidos e liquidos,2,6,0.108454904506648,,0.05,1.4285714285714286,3.7142857142857135,9.3185,Boa,J69,Alta
2020,J40   Bronquite NE como aguda ou cronica,4,-,0.407245272186778,,,,,3.9405,Boa,J40,Alta
2020,J43   Enfisema,4,6,0.407245272186778,,,,,3.9405,Boa,J43,Alta
2020,J44   Outr doenc pulmonares obstrutivas cronicas,4,16,0.407245272186778,,,,,3.9405,Boa,J44,Alta
2020,J45   Asma,4,5,0.407245272186778,,,,,3.9405,Boa,J45,Alta
2020,J46   Estado de mal asmatico,4,-,0.407245272186778,,,,,3.9405,Boa,J46,Alta
2020,J47   Bronquectasia,4,-,0.407245272186778,,,,,3.9405,Boa,J47,Alta
2020,J64   Pneumoconiose NE,4,-,0.407245272186778,,,,,3.9405,Boa,J64,Alta
2020,J67   Pneumonite hipersensibilid dev poeiras org,4,-,0.407245272186778,,,,,3.9405,Boa,J67,Alta
2020,J69   Pneumonite dev solidos e liquidos,4,5,0.407245272186778,,,,,3.9405,Boa,J69,Alta
2020,J40   Bronquite NE como aguda ou cronica,5,-,0.959360196050801,,0.01,1.7966666666666666,2.333333333333333,4.591,Boa,J40,Alta
2020,J43   Enfisema,5,3,0.959360196050801,,0.01,1.7966666666666666,2.333333333333333,4.591,Boa,J43,Alta
2020,J44   Outr doenc pulmonares obstrutivas cronicas,5,9,0.959360196050801,,0.01,1.7966666666666666,2.333333333333333,4.591,Boa,J44,Alta
2020,J45   Asma,5,-,0.959360196050801,,0.01,1.7966666666666666,2.333333333333333,4.591,Boa,J45,Alta
2020,J46   Estado de mal asmatico,5,-,0.959360196050801,,0.01,1.7966666666666666,2.333333333333333,4.591,Boa,J46,Alta
2020,J47   Bronquectasia,5,-,0.959360196050801,,0.01,1.7966666666666666,2.333333333333333,4.591,Boa,J47,Alta
2020,J64   Pneumoconiose NE,5,-,0.959360196050801,,0.01,1.7966666666666666,2.333333333333333,4.591,Boa,J64,Alta
2020,J67   Pneumonite hipersensibilid dev poeiras org,5,-,0.959360196050801,,0.01,1.7966666666666666,2.333333333333333,4.591,Boa,J67,Alta
2020,J69   Pneumonite dev solidos e liquidos,5,2,0.959360196050801,,0.01,1.7966666666666666,2.333333333333333,4.591,Boa,J69,Alta
2020,J40   Bronquite NE como aguda ou cronica,6,1,0.9065798616402392,,0.06,1.1444444444444446,1.7777777777777777,6.568499999999999,Boa,J40,Alta
2020,J43   Enfisema,6,2,0.9065798616402392,,0.06,1.1444444444444446,1.7777777777777777,6.568499999999999,Boa,J43,Alta
2020,J44   Outr doenc pulmonares obstrutivas cronicas,6,10,0.9065798616402392,,0.06,1.1444444444444446,1.7777777777777777,6.568499999999999,Boa,J44,Alta
2020,J45   Asma,6,-,0.9065798616402392,,0.06,1.1444444444444446,1.7777777777777777,6.568499999999999,Boa,J45,Alta
2020,J46   Estado de mal asmatico,6,-,0.9065798616402392,,0.06,1.1444444444444446,1.7777777777777777,6.568499999999999,Boa,J46,Alta
2020,J47   Bronquectasia,6,-,0.9065798616402392,,0.06,1.1444444444444446,1.7777777777777777,6.568499999999999,Boa,J47,Alta
2020,J64   Pneumoconiose NE,6,-,0.9065798616402392,,0.06,1.1444444444444446,1.7777777777777777,6.568499999999999,Boa,J64,Alta
2020,J67   Pneumonite hipersensibilid dev poeiras org,6,-,0.9065798616402392,,0.06,1.1444444444444446,1.7777777777777777,6.568499999999999,Boa,J67,Alta
2020,J69   Pneumonite dev solidos e liquidos,6,-,0.9065798616402392,,0.06,1.1444444444444446,1.7777777777777777,6.568499999999999,Boa,J69,Alta
2020,J40   Bronquite NE como aguda ou cronica,7,-,1.5051604238736802,,0.2423076923076923,0.2058823529411764,3.5294117647058822,13.855,Moderada,J40,Alta
2020,J43   Enfisema,7,2,1.5051604238736802,,0.2423076923076923,0.2058823529411764,3.5294117647058822,13.855,Moderada,J43,Alta
2020,J44   Outr doenc pulmonares obstrutivas cronicas,7,7,1.5051604238736802,,0.2423076923076923,0.2058823529411764,3.5294117647058822,13.855,Moderada,J44,Alta
2020,J45   Asma,7,-,1.5051604238736802,,0.2423076923076923,0.2058823529411764,3.5294117647058822,13.855,Moderada,J45,Alta
2020,J46   Estado de mal asmatico,7,-,1.5051604238736802,,0.2423076923076923,0.2058823529411764,3.5294117647058822,13.855,Moderada,J46,Alta
2020,J47   Bronquectasia,7,-,1.5051604238736802,,0.2423076923076923,0.2058823529411764,3.5294117647058822,13.855,Moderada,J47,Alta
2020,J64   Pneumoconiose NE,7,1,1.5051604238736802,,0.2423076923076923,0.2058823529411764,3.5294117647058822,13.855,Moderada,J64,Alta
2020,J67   Pneumonite hipersensibilid dev poeiras org,7,-,1.5051604238736802,,0.2423076923076923,0.2058823529411764,3.5294117647058822,13.855,Moderada,J67,Alta
2020,J69   Pneumonite dev solidos e liquidos,7,5,1.5051604238736802,,0.2423076923076923,0.2058823529411764,3.5294117647058822,13.855,Moderada,J69,Alta
2020,J40   Bronquite NE como aguda ou cronica,8,-,1.151379578168588,,0.3178723404255319,0.2625,4.520833333333333,30.5825,Moderada,J40,Alta
2020,J43   Enfisema,8,3,1.151379578168588,,0.3178723404255319,0.2625,4.520833333333333,30.5825,Moderada,J43,Alta
2020,J44   Outr doenc pulmonares obstrutivas cronicas,8,9,1.151379578168588,,0.3178723404255319,0.2625,4.520833333333333,30.5825,Moderada,J44,Alta
2020,J45   Asma,8,-,1.151379578168588,,0.3178723404255319,0.2625,4.520833333333333,30.5825,Moderada,J45,Alta
2020,J46   Estado de mal asmatico,8,-,1.151379578168588,,0.3178723404255319,0.2625,4.520833333333333,30.5825,Moderada,J46,Alta
2020,J47   Bronquectasia,8,1,1.151379578168588,,0.3178723404255319,0.2625,4.520833333333333,30.5825,Moderada,J47,Alta
2020,J64   Pneumoconiose NE,8,-,1.151379578168588,,0.3178723404255319,0.2625,4.520833333333333,30.5825,Moderada,J64,Alta
2020,J67   Pneumonite hipersensibilid dev poeiras org,8,-,1.151379578168588,,0.3178723404255319,0.2625,4.520833333333333,30.5825,Moderada,J67,Alta
2020,J69   Pneumonite dev solidos e liquidos,8,5,1.151379578168588,,0.3178723404255319,0.2625,4.520833333333333,30.5825,Moderada,J69,Alta
2020,J40   Bronquite NE como aguda ou cronica,9,-,0.6084209635642237,,0.2263333333333333,1.3611111111111112,1.9166666666666667,26.13475,Moderada,J40,Alta
2020,J43   Enfisema,9,3,0.6084209635642237,,0.2263333333333333,1.3611111111111112,1.9166666666666667,26.13475,Moderada,J43,Alta
2020,J44   Outr doenc pulmonares obstrutivas cronicas,9,12,0.6084209635642237,,0.2263333333333333,1.3611111111111112,1.9166666666666667,26.13475,Moderada,J44,Alta
2020,J45   Asma,9,-,0.6084209635642237,,0.2263333333333333,1.3611111111111112,1.9166666666666667,26.13475,Moderada,J45,Alta
2020,J46   Estado de mal asmatico,9,-,0.6084209635642237,,0.2263333333333333,1.3611111111111112,1.9166666666666667,26.13475,Moderada,J46,Alta
2020,J47   Bronquectasia,9,1,0.6084209635642237,,0.2263333333333333,1.3611111111111112,1.9166666666666667,26.13475,Moderada,J47,Alta
2020,J64   Pneumoconiose NE,9,-,0.6084209635642237,,0.2263333333333333,1.3611111111111112,1.9166666666666667,26.13475,Moderada,J64,Alta
2020,J67   Pneumonite hipersensibilid dev poeiras org,9,-,0.6084209635642237,,0.2263333333333333,1.3611111111111112,1.9166666666666667,26.13475,Moderada,J67,Alta
2020,J69   Pneumonite dev solidos e liquidos,9,2,0.6084209635642237,,0.2263333333333333,1.3611111111111112,1.9166666666666667,26.13475,Moderada,J69,Alta
2020,J40   Bronquite NE como aguda ou cronica,10,-,0.4656562105673599,,0.2,0.5,1.5,23.9865,Moderada,J40,Alta
2020,J43   Enfisema,10,-,0.4656562105673599,,0.2,0.5,1.5,23.9865,Moderada,J43,Alta
2020,J44   Outr doenc pulmonares obstrutivas cronicas,10,11,0.4656562105673599,,0.2,0.5,1.5,23.9865,Moderada,J44,Alta
2020,J45   Asma,10,-,0.4656562105673599,,0.2,0.5,1.5,23.9865,Moderada,J45,Alta
2020,J46   Estado de mal asmatico,10,-,0.4656562105673599,,0.2,0.5,1.5,23.9865,Moderada,J46,Alta
2020,J47   Bronquectasia,10,-,0.4656562105673599,,0.2,0.5,1.5,23.9865,Moderada,J47,Alta
2020,J64   Pneumoconiose NE,10,-,0.4656562105673599,,0.2,0.5,1.5,23.9865,Moderada,J64,Alta
2020,J67   Pneumonite hipersensibilid dev poeiras org,10,-,0.4656562105673599,,0.2,0.5,1.5,23.9865,Moderada,J67,Alta
2020,J69   Pneumonite dev solidos e liquidos,10,5,0.4656562105673599,,0.2,0.5,1.5,23.9865,Moderada,J69,Alta
2020,J40   Bronquite NE como aguda ou cronica,11,-,0.114769600547792,8.333333333333334,0.0166666666666666,2.411111111111111,0.8888888888888888,10.91375,Boa,J40,Alta
2020,J43   Enfisema,11,-,0.114769600547792,8.333333333333334,0.0166666666666666,2.411111111111111,0.8888888888888888,10.91375,Boa,J43,Alta
2020,J44   Outr doenc pulmonares obstrutivas cronicas,11,7,0.114769600547792,8.333333333333334,0.0166666666666666,2.411111111111111,0.8888888888888888,10.91375,Boa,J44,Alta
2020,J45   Asma,11,1,0.114769600547792,8.333333333333334,0.0166666666666666,2.411111111111111,0.8888888888888888,10.91375,Boa,J45,Alta
2020,J46   Estado de mal asmatico,11,-,0.114769600547792,8.333333333333334,0.0166666666666666,2.411111111111111,0.8888888888888888,10.91375,Boa,J46,Alta
2020,J47   Bronquectasia,11,-,0.114769600547792,8.333333333333334,0.0166666666666666,2.411111111111111,0.8888888888888888,10.91375,Boa,J47,Alta
2020,J64   Pneumoconiose NE,11,-,0.114769600547792,8.333333333333334,0.0166666666666666,2.411111111111111,0.8888888888888888,10.91375,Boa,J64,Alta
2020,J67   Pneumonite hipersensibilid dev poeiras org,11,-,0.114769600547792,8.333333333333334,0.0166666666666666,2.411111111111111,0.8888888888888888,10.91375,Boa,J67,Alta
2020,J69   Pneumonite dev solidos e liquidos,11,2,0.114769600547792,8.333333333333334,0.0166666666666666,2.411111111111111,0.8888888888888888,10.91375,Boa,J69,Alta
2020,J40   Bronquite NE como aguda ou cronica,12,-,0.030889388134596,3.975,0.0777777777777777,4.658333333333333,0.8333333333333334,9.6925,Boa,J40,Alta
2020,J43   Enfisema,12,2,0.030889388134596,3.975,0.0777777777777777,4.658333333333333,0.8333333333333334,9.6925,Boa,J43,Alta
2020,J44   Outr doenc pulmonares obstrutivas cronicas,12,13,0.030889388134596,3.975,0.0777777777777777,4.658333333333333,0.8333333333333334,9.6925,Boa,J44,Alta
2020,J45   Asma,12,1,0.030889388134596,3.975,0.0777777777777777,4.658333333333333,0.8333333333333334,9.6925,Boa,J45,Alta
2020,J46   Estado de mal asmatico,12,-,0.030889388134596,3.975,0.0777777777777777,4.658333333333333,0.8333333333333334,9.6925,Boa,J46,Alta
2020,J47   Bronquectasia,12,1,0.030889388134596,3.975,0.0777777777777777,4.658333333333333,0.8333333333333334,9.6925,Boa,J47,Alta
2020,J64   Pneumoconiose NE,12,-,0.030889388134596,3.975,0.0777777777777777,4.658333333333333,0.8333333333333334,9.6925,Boa,J64,Alta
2020,J67   Pneumonite hipersensibilid dev poeiras org,12,-,0.030889388134596,3.975,0.0777777777777777,4.658333333333333,0.8333333333333334,9.6925,Boa,J67,Alta
2020,J69   Pneumonite dev solidos e liquidos,12,2,0.030889388134596,3.975,0.0777777777777777,4.658333333333333,0.8333333333333334,9.6925,Boa,J69,Alta
2021,J40   Bronquite NE como aguda ou cronica,1,-,0.0182331010278264,4.8500000000000005,0.0,20.45,1.0,5.875,Boa,J40,Alta
2021,J41   Bronquite cronica simples e a mucopurulenta,1,1,0.0182331010278264,4.8500000000000005,0.0,20.45,1.0,5.875,Boa,J41,Alta
2021,J43   Enfisema,1,3,0.0182331010278264,4.8500000000000005,0.0,20.45,1.0,5.875,Boa,J43,Alta
2021,J44   Outr doenc pulmonares obstrutivas cronicas,1,21,0.0182331010278264,4.8500000000000005,0.0,20.45,1.0,5.875,Boa,J44,Alta
2021,J45   Asma,1,3,0.0182331010278264,4.8500000000000005,0.0,20.45,1.0,5.875,Boa,J45,Alta
2021,J47   Bronquectasia,1,-,0.0182331010278264,4.8500000000000005,0.0,20.45,1.0,5.875,Boa,J47,Alta
2021,J62   Pneumoconiose dev poeira que cont silica,1,-,0.0182331010278264,4.8500000000000005,0.0,20.45,1.0,5.875,Boa,J62,Alta
2021,J67   Pneumonite hipersensibilid dev poeiras org,1,-,0.0182331010278264,4.8500000000000005,0.0,20.45,1.0,5.875,Boa,J67,Alta
2021,J69   Pneumonite dev solidos e liquidos,1,3,0.0182331010278264,4.8500000000000005,0.0,20.45,1.0,5.875,Boa,J69,Alta
2021,J70   Afeccoes respirat dev outr agentes externos,1,1,0.0182331010278264,4.8500000000000005,0.0,20.45,1.0,5.875,Boa,J70,Alta
2021,J40   Bronquite NE como aguda ou cronica,2,-,0.0791241909791171,1.2,0.0,0.2,0.0,27.022,Moderada,J40,Alta
2021,J41   Bronquite cronica simples e a mucopurulenta,2,-,0.0791241909791171,1.2,0.0,0.2,0.0,27.022,Moderada,J41,Alta
2021,J43   Enfisema,2,2,0.0791241909791171,1.2,0.0,0.2,0.0,27.022,Moderada,J43,Alta
2021,J44   Outr doenc pulmonares obstrutivas cronicas,2,11,0.0791241909791171,1.2,0.0,0.2,0.0,27.022,Moderada,J44,Alta
2021,J45   Asma,2,-,0.0791241909791171,1.2,0.0,0.2,0.0,27.022,Moderada,J45,Alta
2021,J47   Bronquectasia,2,-,0.0791241909791171,1.2,0.0,0.2,0.0,27.022,Moderada,J47,Alta
2021,J62   Pneumoconiose dev poeira que cont silica,2,-,0.0791241909791171,1.2,0.0,0.2,0.0,27.022,Moderada,J62,Alta
2021,J67   Pneumonite hipersensibilid dev poeiras org,2,-,0.0791241909791171,1.2,0.0,0.2,0.0,27.022,Moderada,J67,Alta
2021,J69   Pneumonite dev solidos e liquidos,2,2,0.0791241909791171,1.2,0.0,0.2,0.0,27.022,Moderada,J69,Alta
2021,J70   Afeccoes respirat dev outr agentes externos,2,-,0.0791241909791171,1.2,0.0,0.2,0.0,27.022,Moderada,J70,Alta
2021,J40   Bronquite NE como aguda ou cronica,4,-,0.5397433507332855,0.6,,2.7,0.0,5.50375,Boa,J40,Alta
2021,J41   Bronquite cronica simples e a mucopurulenta,4,-,0.5397433507332855,0.6,,2.7,0.0,5.50375,Boa,J41,Alta
2021,J43   Enfisema,4,3,0.5397433507332855,0.6,,2.7,0.0,5.50375,Boa,J43,Alta
2021,J44   Outr doenc pulmonares obstrutivas cronicas,4,8,0.5397433507332855,0.6,,2.7,0.0,5.50375,Boa,J44,Alta
2021,J45   Asma,4,-,0.5397433507332855,0.6,,2.7,0.0,5.50375,Boa,J45,Alta
2021,J47   Bronquectasia,4,-,0.5397433507332855,0.6,,2.7,0.0,5.50375,Boa,J47,Alta
2021,J62   Pneumoconiose dev poeira que cont silica,4,-,0.5397433507332855,0.6,,2.7,0.0,5.50375,Boa,J62,Alta
2021,J67   Pneumonite hipersensibilid dev poeiras org,4,-,0.5397433507332855,0.6,,2.7,0.0,5.50375,Boa,J67,Alta
2021,J69   Pneumonite dev solidos e liquidos,4,2,0.5397433507332855,0.6,,2.7,0.0,5.50375,Boa,J69,Alta
2021,J70   Afeccoes respirat dev outr agentes externos,4,-,0.5397433507332855,0.6,,2.7,0.0,5.50375,Boa,J70,Alta
2021,J40   Bronquite NE como aguda ou cronica,5,-,1.0784288082328748,3.3125,0.0,2.0375,1.125,11.756666666666666,Boa,J40,Alta
2021,J41   Bronquite cronica simples e a mucopurulenta,5,-,1.0784288082328748,3.3125,0.0,2.0375,1.125,11.756666666666666,Boa,J41,Alta
2021,J43   Enfisema,5,-,1.0784288082328748,3.3125,0.0,2.0375,1.125,11.756666666666666,Boa,J43,Alta
2021,J44   Outr doenc pulmonares obstrutivas cronicas,5,10,1.0784288082328748,3.3125,0.0,2.0375,1.125,11.756666666666666,Boa,J44,Alta
2021,J45   Asma,5,1,1.0784288082328748,3.3125,0.0,2.0375,1.125,11.756666666666666,Boa,J45,Alta
2021,J47   Bronquectasia,5,1,1.0784288082328748,3.3125,0.0,2.0375,1.125,11.756666666666666,Boa,J47,Alta
2021,J62   Pneumoconiose dev poeira que cont silica,5,-,1.0784288082328748,3.3125,0.0,2.0375,1.125,11.756666666666666,Boa,J62,Alta
2021,J67   Pneumonite hipersensibilid dev poeiras org,5,-,1.0784288082328748,3.3125,0.0,2.0375,1.125,11.756666666666666,Boa,J67,Alta
2021,J69   Pneumonite dev solidos e liquidos,5,2,1.0784288082328748,3.3125,0.0,2.0375,1.125,11.756666666666666,Boa,J69,Alta
2021,J70   Afeccoes respirat dev outr agentes externos,5,-,1.0784288082328748,3.3125,0.0,2.0375,1.125,11.756666666666666,Boa,J70,Alta
2021,J40   Bronquite NE como aguda ou cronica,6,-,0.6819677616517066,0.975,0.0,5.2875000000000005,1.375,10.377166666666666,Boa,J40,Alta
2021,J41   Bronquite cronica simples e a mucopurulenta,6,-,0.6819677616517066,0.975,0.0,5.2875000000000005,1.375,10.377166666666666,Boa,J41,Alta
2021,J43   Enfisema,6,1,0.6819677616517066,0.975,0.0,5.2875000000000005,1.375,10.377166666666666,Boa,J43,Alta
2021,J44   Outr doenc pulmonares obstrutivas cronicas,6,7,0.6819677616517066,0.975,0.0,5.2875000000000005,1.375,10.377166666666666,Boa,J44,Alta
2021,J45   Asma,6,-,0.6819677616517066,0.975,0.0,5.2875000000000005,1.375,10.377166666666666,Boa,J45,Alta
2021,J47   Bronquectasia,6,-,0.6819677616517066,0.975,0.0,5.2875000000000005,1.375,10.377166666666666,Boa,J47,Alta
2021,J62   Pneumoconiose dev poeira que cont silica,6,-,0.6819677616517066,0.975,0.0,5.2875000000000005,1.375,10.377166666666666,Boa,J62,Alta
2021,J67   Pneumonite hipersensibilid dev poeiras org,6,-,0.6819677616517066,0.975,0.0,5.2875000000000005,1.375,10.377166666666666,Boa,J67,Alta
2021,J69   Pneumonite dev solidos e liquidos,6,1,0.6819677616517066,0.975,0.0,5.2875000000000005,1.375,10.377166666666666,Boa,J69,Alta
2021,J70   Afeccoes respirat dev outr agentes externos,6,-,0.6819677616517066,0.975,0.0,5.2875000000000005,1.375,10.377166666666666,Boa,J70,Alta
2021,J40   Bronquite NE como aguda ou cronica,7,-,1.3423109410263836,4.811111111111111,0.0904761904761904,1.3703703703703705,1.8148148148148149,13.082166666666666,Moderada,J40,Alta
2021,J41   Bronquite cronica simples e a mucopurulenta,7,-,1.3423109410263836,4.811111111111111,0.0904761904761904,1.3703703703703705,1.8148148148148149,13.082166666666666,Moderada,J41,Alta
2021,J43   Enfisema,7,1,1.3423109410263836,4.811111111111111,0.0904761904761904,1.3703703703703705,1.8148148148148149,13.082166666666666,Moderada,J43,Alta
2021,J44   Outr doenc pulmonares obstrutivas cronicas,7,14,1.3423109410263836,4.811111111111111,0.0904761904761904,1.3703703703703705,1.8148148148148149,13.082166666666666,Moderada,J44,Alta
2021,J45   Asma,7,2,1.3423109410263836,4.811111111111111,0.0904761904761904,1.3703703703703705,1.8148148148148149,13.082166666666666,Moderada,J45,Alta
2021,J47   Bronquectasia,7,1,1.3423109410263836,4.811111111111111,0.0904761904761904,1.3703703703703705,1.8148148148148149,13.082166666666666,Moderada,J47,Alta
2021,J62   Pneumoconiose dev poeira que cont silica,7,-,1.3423109410263836,4.811111111111111,0.0904761904761904,1.3703703703703705,1.8148148148148149,13.082166666666666,Moderada,J62,Alta
2021,J67   Pneumonite hipersensibilid dev poeiras org,7,1,1.3423109410263836,4.811111111111111,0.0904761904761904,1.3703703703703705,1.8148148148148149,13.082166666666666,Moderada,J67,Alta
2021,J69   Pneumonite dev solidos e liquidos,7,5,1.3423109410263836,4.811111111111111,0.0904761904761904,1.3703703703703705,1.8148148148148149,13.082166666666666,Moderada,J69,Alta
2021,J70   Afeccoes respirat dev outr agentes externos,7,-,1.3423109410263836,4.811111111111111,0.0904761904761904,1.3703703703703705,1.8148148148148149,13.082166666666666,Moderada,J70,Alta
2021,J40   Bronquite NE como aguda ou cronica,8,-,0.6170629003137441,12.925,0.0658536585365853,2.0090909090909093,2.4545454545454546,17.5,Moderada,J40,Alta
2021,J41   Bronquite cronica simples e a mucopurulenta,8,-,0.6170629003137441,12.925,0.0658536585365853,2.0090909090909093,2.4545454545454546,17.5,Moderada,J41,Alta
2021,J43   Enfisema,8,5,0.6170629003137441,12.925,0.0658536585365853,2.0090909090909093,2.4545454545454546,17.5,Moderada,J43,Alta
2021,J44   Outr doenc pulmonares obstrutivas cronicas,8,6,0.6170629003137441,12.925,0.0658536585365853,2.0090909090909093,2.4545454545454546,17.5,Moderada,J44,Alta
2021,J45   Asma,8,2,0.6170629003137441,12.925,0.0658536585365853,2.0090909090909093,2.4545454545454546,17.5,Moderada,J45,Alta
2021,J47   Bronquectasia,8,-,0.6170629003137441,12.925,0.0658536585365853,2.0090909090909093,2.4545454545454546,17.5,Moderada,J47,Alta
2021,J62   Pneumoconiose dev poeira que cont silica,8,1,0.6170629003137441,12.925,0.0658536585365853,2.0090909090909093,2.4545454545454546,17.5,Moderada,J62,Alta
2021,J67   Pneumonite hipersensibilid dev poeiras org,8,-,0.6170629003137441,12.925,0.0658536585365853,2.0090909090909093,2.4545454545454546,17.5,Moderada,J67,Alta
2021,J69   Pneumonite dev solidos e liquidos,8,7,0.6170629003137441,12.925,0.0658536585365853,2.0090909090909093,2.4545454545454546,17.5,Moderada,J69,Alta
2021,J70   Afeccoes respirat dev outr agentes externos,8,-,0.6170629003137441,12.925,0.0658536585365853,2.0090909090909093,2.4545454545454546,17.5,Moderada,J70,Alta
2021,J40   Bronquite NE como aguda ou cronica,9,1,0.7068282526435723,12.778688524590164,0.0075471698113207,6.352459016393443,2.1639344262295084,14.3815,Moderada,J40,Alta
2021,J41   Bronquite cronica simples e a mucopurulenta,9,-,0.7068282526435723,12.778688524590164,0.0075471698113207,6.352459016393443,2.1639344262295084,14.3815,Moderada,J41,Alta
2021,J43   Enfisema,9,8,0.7068282526435723,12.778688524590164,0.0075471698113207,6.352459016393443,2.1639344262295084,14.3815,Moderada,J43,Alta
2021,J44   Outr doenc pulmonares obstrutivas cronicas,9,15,0.7068282526435723,12.778688524590164,0.0075471698113207,6.352459016393443,2.1639344262295084,14.3815,Moderada,J44,Alta
2021,J45   Asma,9,1,0.7068282526435723,12.778688524590164,0.0075471698113207,6.352459016393443,2.1639344262295084,14.3815,Moderada,J45,Alta
2021,J47   Bronquectasia,9,1,0.7068282526435723,12.778688524590164,0.0075471698113207,6.352459016393443,2.1639344262295084,14.3815,Moderada,J47,Alta
2021,J62   Pneumoconiose dev poeira que cont silica,9,-,0.7068282526435723,12.778688524590164,0.0075471698113207,6.352459016393443,2.1639344262295084,14.3815,Moderada,J62,Alta
2021,J67   Pneumonite hipersensibilid dev poeiras org,9,-,0.7068282526435723,12.778688524590164,0.0075471698113207,6.352459016393443,2.1639344262295084,14.3815,Moderada,J67,Alta
2021,J69   Pneumonite dev solidos e liquidos,9,4,0.7068282526435723,12.778688524590164,0.0075471698113207,6.352459016393443,2.1639344262295084,14.3815,Moderada,J69,Alta
2021,J70   Afeccoes respirat dev outr agentes externos,9,-,0.7068282526435723,12.778688524590164,0.0075471698113207,6.352459016393443,2.1639344262295084,14.3815,Moderada,J70,Alta
2021,J40   Bronquite NE como aguda ou cronica,10,-,0.3535852561095899,10.283636363636363,0.0117647058823529,1.778181818181818,1.6181818181818182,18.11925,Moderada,J40,Alta
2021,J41   Bronquite cronica simples e a mucopurulenta,10,-,0.3535852561095899,10.283636363636363,0.0117647058823529,1.778181818181818,1.6181818181818182,18.11925,Moderada,J41,Alta
2021,J43   Enfisema,10,6,0.3535852561095899,10.283636363636363,0.0117647058823529,1.778181818181818,1.6181818181818182,18.11925,Moderada,J43,Alta
2021,J44   Outr doenc pulmonares obstrutivas cronicas,10,7,0.3535852561095899,10.283636363636363,0.0117647058823529,1.778181818181818,1.6181818181818182,18.11925,Moderada,J44,Alta
2021,J45   Asma,10,-,0.3535852561095899,10.283636363636363,0.0117647058823529,1.778181818181818,1.6181818181818182,18.11925,Moderada,J45,Alta
2021,J47   Bronquectasia,10,-,0.3535852561095899,10.283636363636363,0.0117647058823529,1.778181818181818,1.6181818181818182,18.11925,Moderada,J47,Alta
2021,J62   Pneumoconiose dev poeira que cont silica,10,-,0.3535852561095899,10.283636363636363,0.0117647058823529,1.778181818181818,1.6181818181818182,18.11925,Moderada,J62,Alta
2021,J67   Pneumonite hipersensibilid dev poeiras org,10,-,0.3535852561095899,10.283636363636363,0.0117647058823529,1.778181818181818,1.6181818181818182,18.11925,Moderada,J67,Alta
2021,J69   Pneumonite dev solidos e liquidos,10,1,0.3535852561095899,10.283636363636363,0.0117647058823529,1.778181818181818,1.6181818181818182,18.11925,Moderada,J69,Alta
2021,J70   Afeccoes respirat dev outr agentes externos,10,-,0.3535852561095899,10.283636363636363,0.0117647058823529,1.778181818181818,1.6181818181818182,18.11925,Moderada,J70,Alta
2021,J40   Bronquite NE como aguda ou cronica,11,-,0.029869926598487,4.3,0.0,0.953846153846154,0.3076923076923077,9.98275,Boa,J40,Alta
2021,J41   Bronquite cronica simples e a mucopurulenta,11,-,0.029869926598487,4.3,0.0,0.953846153846154,0.3076923076923077,9.98275,Boa,J41,Alta
2021,J43   Enfisema,11,1,0.029869926598487,4.3,0.0,0.953846153846154,0.3076923076923077,9.98275,Boa,J43,Alta
2021,J44   Outr doenc pulmonares obstrutivas cronicas,11,12,0.029869926598487,4.3,0.0,0.953846153846154,0.3076923076923077,9.98275,Boa,J44,Alta
2021,J45   Asma,11,1,0.029869926598487,4.3,0.0,0.953846153846154,0.3076923076923077,9.98275,Boa,J45,Alta
2021,J47   Bronquectasia,11,-,0.029869926598487,4.3,0.0,0.953846153846154,0.3076923076923077,9.98275,Boa,J47,Alta
2021,J62   Pneumoconiose dev poeira que cont silica,11,-,0.029869926598487,4.3,0.0,0.953846153846154,0.3076923076923077,9.98275,Boa,J62,Alta
2021,J67   Pneumonite hipersensibilid dev poeiras org,11,-,0.029869926598487,4.3,0.0,0.953846153846154,0.3076923076923077,9.98275,Boa,J67,Alta
2021,J69   Pneumonite dev solidos e liquidos,11,3,0.029869926598487,4.3,0.0,0.953846153846154,0.3076923076923077,9.98275,Boa,J69,Alta
2021,J70   Afeccoes respirat dev outr agentes externos,11,-,0.029869926598487,4.3,0.0,0.953846153846154,0.3076923076923077,9.98275,Boa,J70,Alta
2021,J40   Bronquite NE como aguda ou cronica,12,-,0.0194465667958899,,,,,7.63,Boa,J40,Alta
2021,J41   Bronquite cronica simples e a mucopurulenta,12,-,0.0194465667958899,,,,,7.63,Boa,J41,Alta
2021,J43   Enfisema,12,2,0.0194465667958899,,,,,7.63,Boa,J43,Alta
2021,J44   Outr doenc pulmonares obstrutivas cronicas,12,18,0.0194465667958899,,,,,7.63,Boa,J44,Alta
2021,J45   Asma,12,3,0.0194465667958899,,,,,7.63,Boa,J45,Alta
2021,J47   Bronquectasia,12,2,0.0194465667958899,,,,,7.63,Boa,J47,Alta
2021,J62   Pneumoconiose dev poeira que cont silica,12,-,0.0194465667958899,,,,,7.63,Boa,J62,Alta
2021,J67   Pneumonite hipersensibilid dev poeiras org,12,-,0.0194465667958899,,,,,7.63,Boa,J67,Alta
2021,J69   Pneumonite dev solidos e liquidos,12,5,0.0194465667958899,,,,,7.63,Boa,J69,Alta
2021,J70   Afeccoes respirat dev outr agentes externos,12,-,0.0194465667958899,,,,,7.63,Boa,J70,Alta
2022,J43   Enfisema,1,2,0.0626847754272903,8.166666666666666,0.0,0.0,5.444444444444445,7.278,Boa,J43,Alta
2022,J44   Outr doenc pulmonares obstrutivas cronicas,1,25,0.0626847754272903,8.166666666666666,0.0,0.0,5.444444444444445,7.278,Boa,J44,Alta
2022,J45   Asma,1,1,0.0626847754272903,8.166666666666666,0.0,0.0,5.444444444444445,7.278,Boa,J45,Alta
2022,J46   Estado de mal asmatico,1,-,0.0626847754272903,8.166666666666666,0.0,0.0,5.444444444444445,7.278,Boa,J46,Alta
2022,J47   Bronquectasia,1,-,0.0626847754272903,8.166666666666666,0.0,0.0,5.444444444444445,7.278,Boa,J47,Alta
2022,J68   Afecc resp dev inal prod quim gas fumac vap,1,-,0.0626847754272903,8.166666666666666,0.0,0.0,5.444444444444445,7.278,Boa,J68,Alta
2022,J69   Pneumonite dev solidos e liquidos,1,9,0.0626847754272903,8.166666666666666,0.0,0.0,5.444444444444445,7.278,Boa,J69,Alta
2022,J43   Enfisema,2,4,0.0580802415801141,3.35,,5.0,1.5,5.71075,Boa,J43,Alta
2022,J44   Outr doenc pulmonares obstrutivas cronicas,2,10,0.0580802415801141,3.35,,5.0,1.5,5.71075,Boa,J44,Alta
2022,J45   Asma,2,-,0.0580802415801141,3.35,,5.0,1.5,5.71075,Boa,J45,Alta
2022,J46   Estado de mal asmatico,2,-,0.0580802415801141,3.35,,5.0,1.5,5.71075,Boa,J46,Alta
2022,J47   Bronquectasia,2,-,0.0580802415801141,3.35,,5.0,1.5,5.71075,Boa,J47,Alta
2022,J68   Afecc resp dev inal prod quim gas fumac vap,2,-,0.0580802415801141,3.35,,5.0,1.5,5.71075,Boa,J68,Alta
2022,J69   Pneumonite dev solidos e liquidos,2,4,0.0580802415801141,3.35,,5.0,1.5,5.71075,Boa,J69,Alta
2022,J43   Enfisema,4,2,0.4972322781262226,1.9,0.0,11.7,0.0,5.8575,Boa,J43,Alta
2022,J44   Outr doenc pulmonares obstrutivas cronicas,4,13,0.4972322781262226,1.9,0.0,11.7,0.0,5.8575,Boa,J44,Alta
2022,J45   Asma,4,4,0.4972322781262226,1.9,0.0,11.7,0.0,5.8575,Boa,J45,Alta
2022,J46   Estado de mal asmatico,4,-,0.4972322781262226,1.9,0.0,11.7,0.0,5.8575,Boa,J46,Alta
2022,J47   Bronquectasia,4,-,0.4972322781262226,1.9,0.0,11.7,0.0,5.8575,Boa,J47,Alta
2022,J68   Afecc resp dev inal prod quim gas fumac vap,4,1,0.4972322781262226,1.9,0.0,11.7,0.0,5.8575,Boa,J68,Alta
2022,J69   Pneumonite dev solidos e liquidos,4,4,0.4972322781262226,1.9,0.0,11.7,0.0,5.8575,Boa,J69,Alta
2022,J43   Enfisema,5,4,0.4267441805404779,1.1,,0.9,0.0,7.832,Boa,J43,Alta
2022,J44   Outr doenc pulmonares obstrutivas cronicas,5,11,0.4267441805404779,1.1,,0.9,0.0,7.832,Boa,J44,Alta
2022,J45   Asma,5,1,0.4267441805404779,1.1,,0.9,0.0,7.832,Boa,J45,Alta
2022,J46   Estado de mal asmatico,5,-,0.4267441805404779,1.1,,0.9,0.0,7.832,Boa,J46,Alta
2022,J47   Bronquectasia,5,1,0.4267441805404779,1.1,,0.9,0.0,7.832,Boa,J47,Alta
2022,J68   Afecc resp dev inal prod quim gas fumac vap,5,-,0.4267441805404779,1.1,,0.9,0.0,7.832,Boa,J68,Alta
2022,J69   Pneumonite dev solidos e liquidos,5,4,0.4267441805404779,1.1,,0.9,0.0,7.832,Boa,J69,Alta
2022,J43   Enfisema,6,4,0.5689539891414291,1.38,0.02,0.0,1.0,8.062750000000001,Boa,J43,Alta
2022,J44   Outr doenc pulmonares obstrutivas cronicas,6,12,0.5689539891414291,1.38,0.02,0.0,1.0,8.062750000000001,Boa,J44,Alta
2022,J45   Asma,6,2,0.5689539891414291,1.38,0.02,0.0,1.0,8.062750000000001,Boa,J45,Alta
2022,J46   Estado de mal asmatico,6,-,0.5689539891414291,1.38,0.02,0.0,1.0,8.062750000000001,Boa,J46,Alta
2022,J47   Bronquectasia,6,1,0.5689539891414291,1.38,0.02,0.0,1.0,8.062750000000001,Boa,J47,Alta
2022,J68   Afecc resp dev inal prod quim gas fumac vap,6,1,0.5689539891414291,1.38,0.02,0.0,1.0,8.062750000000001,Boa,J68,Alta
2022,J69   Pneumonite dev solidos e liquidos,6,2,0.5689539891414291,1.38,0.02,0.0,1.0,8.062750000000001,Boa,J69,Alta
2022,J43   Enfisema,7,3,0.7024424376829312,6.8625,0.04875,2.1110344827586207,1.7241379310344829,13.8005,Moderada,J43,Alta
2022,J44   Outr doenc pulmonares obstrutivas cronicas,7,16,0.7024424376829312,6.8625,0.04875,2.1110344827586207,1.7241379310344829,13.8005,Moderada,J44,Alta
2022,J45   Asma,7,-,0.7024424376829312,6.8625,0.04875,2.1110344827586207,1.7241379310344829,13.8005,Moderada,J45,Alta
2022,J46   Estado de mal asmatico,7,-,0.7024424376829312,6.8625,0.04875,2.1110344827586207,1.7241379310344829,13.8005,Moderada,J46,Alta
2022,J47   Bronquectasia,7,1,0.7024424376829312,6.8625,0.04875,2.1110344827586207,1.7241379310344829,13.8005,Moderada,J47,Alta
2022,J68   Afecc resp dev inal prod quim gas fumac vap,7,-,0.7024424376829312,6.8625,0.04875,2.1110344827586207,1.7241379310344829,13.8005,Moderada,J68,Alta
2022,J69   Pneumonite dev solidos e liquidos,7,3,0.7024424376829312,6.8625,0.04875,2.1110344827586207,1.7241379310344829,13.8005,Moderada,J69,Alta
2022,J43   Enfisema,8,6,0.4431254193363511,7.482051282051282,0.1283636363636363,1.6553623188405795,-41.18840579710145,28.739833333333333,Moderada,J43,Alta
2022,J44   Outr doenc pulmonares obstrutivas cronicas,8,20,0.4431254193363511,7.482051282051282,0.1283636363636363,1.6553623188405795,-41.18840579710145,28.739833333333333,Moderada,J44,Alta
2022,J45   Asma,8,2,0.4431254193363511,7.482051282051282,0.1283636363636363,1.6553623188405795,-41.18840579710145,28.739833333333333,Moderada,J45,Alta
2022,J46   Estado de mal asmatico,8,-,0.4431254193363511,7.482051282051282,0.1283636363636363,1.6553623188405795,-41.18840579710145,28.739833333333333,Moderada,J46,Alta
2022,J47   Bronquectasia,8,-,0.4431254193363511,7.482051282051282,0.1283636363636363,1.6553623188405795,-41.18840579710145,28.739833333333333,Moderada,J47,Alta
2022,J68   Afecc resp dev inal prod quim gas fumac vap,8,-,0.4431254193363511,7.482051282051282,0.1283636363636363,1.6553623188405795,-41.18840579710145,28.739833333333333,Moderada,J68,Alta
2022,J69   Pneumonite dev solidos e liquidos,8,4,0.4431254193363511,7.482051282051282,0.1283636363636363,1.6553623188405795,-41.18840579710145,28.739833333333333,Moderada,J69,Alta
2022,J43   Enfisema,9,2,0.4072789081709509,10.76551724137931,0.1286231884057971,1.1677931034482758,2.3517241379310345,32.6945,Moderada,J43,Alta
2022,J44   Outr doenc pulmonares obstrutivas cronicas,9,15,0.4072789081709509,10.76551724137931,0.1286231884057971,1.1677931034482758,2.3517241379310345,32.6945,Moderada,J44,Alta
2022,J45   Asma,9,-,0.4072789081709509,10.76551724137931,0.1286231884057971,1.1677931034482758,2.3517241379310345,32.6945,Moderada,J45,Alta
2022,J46   Estado de mal asmatico,9,-,0.4072789081709509,10.76551724137931,0.1286231884057971,1.1677931034482758,2.3517241379310345,32.6945,Moderada,J46,Alta
2022,J47   Bronquectasia,9,-,0.4072789081709509,10.76551724137931,0.1286231884057971,1.1677931034482758,2.3517241379310345,32.6945,Moderada,J47,Alta
2022,J68   Afecc resp dev inal prod quim gas fumac vap,9,1,0.4072789081709509,10.76551724137931,0.1286231884057971,1.1677931034482758,2.3517241379310345,32.6945,Moderada,J68,Alta
2022,J69   Pneumonite dev solidos e liquidos,9,4,0.4072789081709509,10.76551724137931,0.1286231884057971,1.1677931034482758,2.3517241379310345,32.6945,Moderada,J69,Alta
2022,J43   Enfisema,10,1,0.2040913008648712,4.9366666666666665,0.0296296296296296,2.423,1.7666666666666666,26.647,Moderada,J43,Alta
2022,J44   Outr doenc pulmonares obstrutivas cronicas,10,20,0.2040913008648712,4.9366666666666665,0.0296296296296296,2.423,1.7666666666666666,26.647,Moderada,J44,Alta
2022,J45   Asma,10,2,0.2040913008648712,4.9366666666666665,0.0296296296296296,2.423,1.7666666666666666,26.647,Moderada,J45,Alta
2022,J46   Estado de mal asmatico,10,-,0.2040913008648712,4.9366666666666665,0.0296296296296296,2.423,1.7666666666666666,26.647,Moderada,J46,Alta
2022,J47   Bronquectasia,10,-,0.2040913008648712,4.9366666666666665,0.0296296296296296,2.423,1.7666666666666666,26.647,Moderada,J47,Alta
2022,J68   Afecc resp dev inal prod quim gas fumac vap,10,-,0.2040913008648712,4.9366666666666665,0.0296296296296296,2.423,1.7666666666666666,26.647,Moderada,J68,Alta
2022,J69   Pneumonite dev solidos e liquidos,10,3,0.2040913008648712,4.9366666666666665,0.0296296296296296,2.423,1.7666666666666666,26.647,Moderada,J69,Alta
2022,J43   Enfisema,11,3,0.1231031447865002,4.321428571428571,0.05,3.8469230769230767,2.1538461538461537,18.118,Moderada,J43,Alta
2022,J44   Outr doenc pulmonares obstrutivas cronicas,11,15,0.1231031447865002,4.321428571428571,0.05,3.8469230769230767,2.1538461538461537,18.118,Moderada,J44,Alta
2022,J45   Asma,11,-,0.1231031447865002,4.321428571428571,0.05,3.8469230769230767,2.1538461538461537,18.118,Moderada,J45,Alta
2022,J46   Estado de mal asmatico,11,-,0.1231031447865002,4.321428571428571,0.05,3.8469230769230767,2.1538461538461537,18.118,Moderada,J46,Alta
2022,J47   Bronquectasia,11,-,0.1231031447865002,4.321428571428571,0.05,3.8469230769230767,2.1538461538461537,18.118,Moderada,J47,Alta
2022,J68   Afecc resp dev inal prod quim gas fumac vap,11,-,0.1231031447865002,4.321428571428571,0.05,3.8469230769230767,2.1538461538461537,18.118,Moderada,J68,Alta
2022,J69   Pneumonite dev solidos e liquidos,11,3,0.1231031447865002,4.321428571428571,0.05,3.8469230769230767,2.1538461538461537,18.118,Moderada,J69,Alta
2022,J43   Enfisema,12,1,0.027483759661027,1.54,0.01,1.8425,0.0,10.16875,Boa,J43,Alta
2022,J44   Outr doenc pulmonares obstrutivas cronicas,12,12,0.027483759661027,1.54,0.01,1.8425,0.0,10.16875,Boa,J44,Alta
2022,J45   Asma,12,2,0.027483759661027,1.54,0.01,1.8425,0.0,10.16875,Boa,J45,Alta
2022,J46   Estado de mal asmatico,12,-,0.027483759661027,1.54,0.01,1.8425,0.0,10.16875,Boa,J46,Alta
2022,J47   Bronquectasia,12,-,0.027483759661027,1.54,0.01,1.8425,0.0,10.16875,Boa,J47,Alta
2022,J68   Afecc resp dev inal prod quim gas fumac vap,12,-,0.027483759661027,1.54,0.01,1.8425,0.0,10.16875,Boa,J68,Alta
2022,J69   Pneumonite dev solidos e liquidos,12,6,0.027483759661027,1.54,0.01,1.8425,0.0,10.16875,Boa,J69,Alta
2023,J42   Bronquite cronica NE,1,-,0.0550475875056018,,,,,6.792999999999999,Boa,J42,Alta
2023,J43   Enfisema,1,2,0.0550475875056018,,,,,6.792999999999999,Boa,J43,Alta
2023,J44   Outr doenc pulmonares obstrutivas cronicas,1,18,0.0550475875056018,,,,,6.792999999999999,Boa,J44,Alta
2023,J45   Asma,1,1,0.0550475875056018,,,,,6.792999999999999,Boa,J45,Alta
2023,J46   Estado de mal asmatico,1,-,0.0550475875056018,,,,,6.792999999999999,Boa,J46,Alta
2023,J47   Bronquectasia,1,-,0.0550475875056018,,,,,6.792999999999999,Boa,J47,Alta
2023,J60   Pneumoconiose dos mineiros de carvao,1,-,0.0550475875056018,,,,,6.792999999999999,Boa,J60,Alta
2023,J67   Pneumonite hipersensibilid dev poeiras org,1,1,0.0550475875056018,,,,,6.792999999999999,Boa,J67,Alta
2023,J68   Afecc resp dev inal prod quim gas fumac vap,1,2,0.0550475875056018,,,,,6.792999999999999,Boa,J68,Alta
2023,J69   Pneumonite dev solidos e liquidos,1,1,0.0550475875056018,,,,,6.792999999999999,Boa,J69,Alta
2023,J42   Bronquite cronica NE,2,-,0.181530674148674,1.9,,9.1,1.0,3.83175,Boa,J42,Alta
2023,J43   Enfisema,2,1,0.181530674148674,1.9,,9.1,1.0,3.83175,Boa,J43,Alta
2023,J44   Outr doenc pulmonares obstrutivas cronicas,2,25,0.181530674148674,1.9,,9.1,1.0,3.83175,Boa,J44,Alta
2023,J45   Asma,2,-,0.181530674148674,1.9,,9.1,1.0,3.83175,Boa,J45,Alta
2023,J46   Estado de mal asmatico,2,-,0.181530674148674,1.9,,9.1,1.0,3.83175,Boa,J46,Alta
2023,J47   Bronquectasia,2,-,0.181530674148674,1.9,,9.1,1.0,3.83175,Boa,J47,Alta
2023,J60   Pneumoconiose dos mineiros de carvao,2,-,0.181530674148674,1.9,,9.1,1.0,3.83175,Boa,J60,Alta
2023,J67   Pneumonite hipersensibilid dev poeiras org,2,-,0.181530674148674,1.9,,9.1,1.0,3.83175,Boa,J67,Alta
2023,J68   Afecc resp dev inal prod quim gas fumac vap,2,-,0.181530674148674,1.9,,9.1,1.0,3.83175,Boa,J68,Alta
2023,J69   Pneumonite dev solidos e liquidos,2,6,0.181530674148674,1.9,,9.1,1.0,3.83175,Boa,J69,Alta
2023,J42   Bronquite cronica NE,4,-,0.3471867929334659,0.75,,8.715,1.0,4.856277777777779,Boa,J42,Alta
2023,J43   Enfisema,4,1,0.3471867929334659,0.75,,8.715,1.0,4.856277777777779,Boa,J43,Alta
2023,J44   Outr doenc pulmonares obstrutivas cronicas,4,13,0.3471867929334659,0.75,,8.715,1.0,4.856277777777779,Boa,J44,Alta
2023,J45   Asma,4,2,0.3471867929334659,0.75,,8.715,1.0,4.856277777777779,Boa,J45,Alta
2023,J46   Estado de mal asmatico,4,-,0.3471867929334659,0.75,,8.715,1.0,4.856277777777779,Boa,J46,Alta
2023,J47   Bronquectasia,4,1,0.3471867929334659,0.75,,8.715,1.0,4.856277777777779,Boa,J47,Alta
2023,J60   Pneumoconiose dos mineiros de carvao,4,-,0.3471867929334659,0.75,,8.715,1.0,4.856277777777779,Boa,J60,Alta
2023,J67   Pneumonite hipersensibilid dev poeiras org,4,-,0.3471867929334659,0.75,,8.715,1.0,4.856277777777779,Boa,J67,Alta
2023,J68   Afecc resp dev inal prod quim gas fumac vap,4,-,0.3471867929334659,0.75,,8.715,1.0,4.856277777777779,Boa,J68,Alta
2023,J69   Pneumonite dev solidos e liquidos,4,-,0.3471867929334659,0.75,,8.715,1.0,4.856277777777779,Boa,J69,Alta
2023,J42   Bronquite cronica NE,5,-,0.5818300963468707,2.075,0.0,1.395,0.0,5.487222222222222,Boa,J42,Alta
2023,J43   Enfisema,5,1,0.5818300963468707,2.075,0.0,1.395,0.0,5.487222222222222,Boa,J43,Alta
2023,J44   Outr doenc pulmonares obstrutivas cronicas,5,17,0.5818300963468707,2.075,0.0,1.395,0.0,5.487222222222222,Boa,J44,Alta
2023,J45   Asma,5,2,0.5818300963468707,2.075,0.0,1.395,0.0,5.487222222222222,Boa,J45,Alta
2023,J46   Estado de mal asmatico,5,-,0.5818300963468707,2.075,0.0,1.395,0.0,5.487222222222222,Boa,J46,Alta
2023,J47   Bronquectasia,5,-,0.5818300963468707,2.075,0.0,1.395,0.0,5.487222222222222,Boa,J47,Alta
2023,J60   Pneumoconiose dos mineiros de carvao,5,-,0.5818300963468707,2.075,0.0,1.395,0.0,5.487222222222222,Boa,J60,Alta
2023,J67   Pneumonite hipersensibilid dev poeiras org,5,-,0.5818300963468707,2.075,0.0,1.395,0.0,5.487222222222222,Boa,J67,Alta
2023,J68   Afecc resp dev inal prod quim gas fumac vap,5,-,0.5818300963468707,2.075,0.0,1.395,0.0,5.487222222222222,Boa,J68,Alta
2023,J69   Pneumonite dev solidos e liquidos,5,7,0.5818300963468707,2.075,0.0,1.395,0.0,5.487222222222222,Boa,J69,Alta
2023,J42   Bronquite cronica NE,6,-,0.4985479141020253,4.152380952380953,0.0344444444444444,0.189047619047619,3.571428571428572,9.07795,Boa,J42,Alta
2023,J43   Enfisema,6,2,0.4985479141020253,4.152380952380953,0.0344444444444444,0.189047619047619,3.571428571428572,9.07795,Boa,J43,Alta
2023,J44   Outr doenc pulmonares obstrutivas cronicas,6,23,0.4985479141020253,4.152380952380953,0.0344444444444444,0.189047619047619,3.571428571428572,9.07795,Boa,J44,Alta
2023,J45   Asma,6,1,0.4985479141020253,4.152380952380953,0.0344444444444444,0.189047619047619,3.571428571428572,9.07795,Boa,J45,Alta
2023,J46   Estado de mal asmatico,6,-,0.4985479141020253,4.152380952380953,0.0344444444444444,0.189047619047619,3.571428571428572,9.07795,Boa,J46,Alta
2023,J47   Bronquectasia,6,-,0.4985479141020253,4.152380952380953,0.0344444444444444,0.189047619047619,3.571428571428572,9.07795,Boa,J47,Alta
2023,J60   Pneumoconiose dos mineiros de carvao,6,-,0.4985479141020253,4.152380952380953,0.0344444444444444,0.189047619047619,3.571428571428572,9.07795,Boa,J60,Alta
2023,J67   Pneumonite hipersensibilid dev poeiras org,6,-,0.4985479141020253,4.152380952380953,0.0344444444444444,0.189047619047619,3.571428571428572,9.07795,Boa,J67,Alta
2023,J68   Afecc resp dev inal prod quim gas fumac vap,6,-,0.4985479141020253,4.152380952380953,0.0344444444444444,0.189047619047619,3.571428571428572,9.07795,Boa,J68,Alta
2023,J69   Pneumonite dev solidos e liquidos,6,3,0.4985479141020253,4.152380952380953,0.0344444444444444,0.189047619047619,3.571428571428572,9.07795,Boa,J69,Alta
2023,J42   Bronquite cronica NE,7,-,0.3449754120867559,11.909090909090908,0.2129411764705882,0.5572727272727273,4.136363636363637,14.7505,Moderada,J42,Alta
2023,J43   Enfisema,7,1,0.3449754120867559,11.909090909090908,0.2129411764705882,0.5572727272727273,4.136363636363637,14.7505,Moderada,J43,Alta
2023,J44   Outr doenc pulmonares obstrutivas cronicas,7,15,0.3449754120867559,11.909090909090908,0.2129411764705882,0.5572727272727273,4.136363636363637,14.7505,Moderada,J44,Alta
2023,J45   Asma,7,1,0.3449754120867559,11.909090909090908,0.2129411764705882,0.5572727272727273,4.136363636363637,14.7505,Moderada,J45,Alta
2023,J46   Estado de mal asmatico,7,-,0.3449754120867559,11.909090909090908,0.2129411764705882,0.5572727272727273,4.136363636363637,14.7505,Moderada,J46,Alta
2023,J47   Bronquectasia,7,1,0.3449754120867559,11.909090909090908,0.2129411764705882,0.5572727272727273,4.136363636363637,14.7505,Moderada,J47,Alta
2023,J60   Pneumoconiose dos mineiros de carvao,7,-,0.3449754120867559,11.909090909090908,0.2129411764705882,0.5572727272727273,4.136363636363637,14.7505,Moderada,J60,Alta
2023,J67   Pneumonite hipersensibilid dev poeiras org,7,-,0.3449754120867559,11.909090909090908,0.2129411764705882,0.5572727272727273,4.136363636363637,14.7505,Moderada,J67,Alta
2023,J68   Afecc resp dev inal prod quim gas fumac vap,7,-,0.3449754120867559,11.909090909090908,0.2129411764705882,0.5572727272727273,4.136363636363637,14.7505,Moderada,J68,Alta
2023,J69   Pneumonite dev solidos e liquidos,7,4,0.3449754120867559,11.909090909090908,0.2129411764705882,0.5572727272727273,4.136363636363637,14.7505,Moderada,J69,Alta
2023,J42   Bronquite cronica NE,8,-,0.3225456920701262,6.096551724137931,0.1520253164556962,2.104942528735632,2.425287356321839,22.723750000000003,Moderada,J42,Alta
2023,J43   Enfisema,8,-,0.3225456920701262,6.096551724137931,0.1520253164556962,2.104942528735632,2.425287356321839,22.723750000000003,Moderada,J43,Alta
2023,J44   Outr doenc pulmonares obstrutivas cronicas,8,20,0.3225456920701262,6.096551724137931,0.1520253164556962,2.104942528735632,2.425287356321839,22.723750000000003,Moderada,J44,Alta
2023,J45   Asma,8,-,0.3225456920701262,6.096551724137931,0.1520253164556962,2.104942528735632,2.425287356321839,22.723750000000003,Moderada,J45,Alta
2023,J46   Estado de mal asmatico,8,-,0.3225456920701262,6.096551724137931,0.1520253164556962,2.104942528735632,2.425287356321839,22.723750000000003,Moderada,J46,Alta
2023,J47   Bronquectasia,8,-,0.3225456920701262,6.096551724137931,0.1520253164556962,2.104942528735632,2.425287356321839,22.723750000000003,Moderada,J47,Alta
2023,J60   Pneumoconiose dos mineiros de carvao,8,-,0.3225456920701262,6.096551724137931,0.1520253164556962,2.104942528735632,2.425287356321839,22.723750000000003,Moderada,J60,Alta
2023,J67   Pneumonite hipersensibilid dev poeiras org,8,-,0.3225456920701262,6.096551724137931,0.1520253164556962,2.104942528735632,2.425287356321839,22.723750000000003,Moderada,J67,Alta
2023,J68   Afecc resp dev inal prod quim gas fumac vap,8,-,0.3225456920701262,6.096551724137931,0.1520253164556962,2.104942528735632,2.425287356321839,22.723750000000003,Moderada,J68,Alta
2023,J69   Pneumonite dev solidos e liquidos,8,4,0.3225456920701262,6.096551724137931,0.1520253164556962,2.104942528735632,2.425287356321839,22.723750000000003,Moderada,J69,Alta
2023,J42   Bronquite cronica NE,9,1,0.3322599722181735,13.673885350318471,0.4536912751677852,1.6037579617834394,4.560509554140127,38.29795454545455,Ruim,J42,Alta
2023,J43   Enfisema,9,2,0.3322599722181735,13.673885350318471,0.4536912751677852,1.6037579617834394,4.560509554140127,38.29795454545455,Ruim,J43,Alta
2023,J44   Outr doenc pulmonares obstrutivas cronicas,9,8,0.3322599722181735,13.673885350318471,0.4536912751677852,1.6037579617834394,4.560509554140127,38.29795454545455,Ruim,J44,Alta
2023,J45   Asma,9,3,0.3322599722181735,13.673885350318471,0.4536912751677852,1.6037579617834394,4.560509554140127,38.29795454545455,Ruim,J45,Alta
2023,J46   Estado de mal asmatico,9,-,0.3322599722181735,13.673885350318471,0.4536912751677852,1.6037579617834394,4.560509554140127,38.29795454545455,Ruim,J46,Alta
2023,J47   Bronquectasia,9,-,0.3322599722181735,13.673885350318471,0.4536912751677852,1.6037579617834394,4.560509554140127,38.29795454545455,Ruim,J47,Alta
2023,J60   Pneumoconiose dos mineiros de carvao,9,-,0.3322599722181735,13.673885350318471,0.4536912751677852,1.6037579617834394,4.560509554140127,38.29795454545455,Ruim,J60,Alta
2023,J67   Pneumonite hipersensibilid dev poeiras org,9,-,0.3322599722181735,13.673885350318471,0.4536912751677852,1.6037579617834394,4.560509554140127,38.29795454545455,Ruim,J67,Alta
2023,J68   Afecc resp dev inal prod quim gas fumac vap,9,-,0.3322599722181735,13.673885350318471,0.4536912751677852,1.6037579617834394,4.560509554140127,38.29795454545455,Ruim,J68,Alta
2023,J69   Pneumonite dev solidos e liquidos,9,2,0.3322599722181735,13.673885350318471,0.4536912751677852,1.6037579617834394,4.560509554140127,38.29795454545455,Ruim,J69,Alta
2023,J42   Bronquite cronica NE,10,-,0.163958094206068,9.411650485436892,0.3762376237623762,1.052718446601942,4.252427184466019,59.329,Muito Ruim,J42,Alta
2023,J43   Enfisema,10,3,0.163958094206068,9.411650485436892,0.3762376237623762,1.052718446601942,4.252427184466019,59.329,Muito Ruim,J43,Alta
2023,J44   Outr doenc pulmonares obstrutivas cronicas,10,13,0.163958094206068,9.411650485436892,0.3762376237623762,1.052718446601942,4.252427184466019,59.329,Muito Ruim,J44,Alta
2023,J45   Asma,10,-,0.163958094206068,9.411650485436892,0.3762376237623762,1.052718446601942,4.252427184466019,59.329,Muito Ruim,J45,Alta
2023,J46   Estado de mal asmatico,10,-,0.163958094206068,9.411650485436892,0.3762376237623762,1.052718446601942,4.252427184466019,59.329,Muito Ruim,J46,Alta
2023,J47   Bronquectasia,10,-,0.163958094206068,9.411650485436892,0.3762376237623762,1.052718446601942,4.252427184466019,59.329,Muito Ruim,J47,Alta
2023,J60   Pneumoconiose dos mineiros de carvao,10,-,0.163958094206068,9.411650485436892,0.3762376237623762,1.052718446601942,4.252427184466019,59.329,Muito Ruim,J60,Alta
2023,J67   Pneumonite hipersensibilid dev poeiras org,10,-,0.163958094206068,9.411650485436892,0.3762376237623762,1.052718446601942,4.252427184466019,59.329,Muito Ruim,J67,Alta
2023,J68   Afecc resp dev inal prod quim gas fumac vap,10,-,0.163958094206068,9.411650485436892,0.3762376237623762,1.052718446601942,4.252427184466019,59.329,Muito Ruim,J68,Alta
2023,J69   Pneumonite dev solidos e liquidos,10,6,0.163958094206068,9.411650485436892,0.3762376237623762,1.052718446601942,4.252427184466019,59.329,Muito Ruim,J69,Alta
2023,J42   Bronquite cronica NE,11,-,0.0541788307443943,4.64,0.0636,0.7676000000000001,5.48,49.07219230769231,Ruim,J42,Alta
2023,J43   Enfisema,11,4,0.0541788307443943,4.64,0.0636,0.7676000000000001,5.48,49.07219230769231,Ruim,J43,Alta
2023,J44   Outr doenc pulmonares obstrutivas cronicas,11,22,0.0541788307443943,4.64,0.0636,0.7676000000000001,5.48,49.07219230769231,Ruim,J44,Alta
2023,J45   Asma,11,1,0.0541788307443943,4.64,0.0636,0.7676000000000001,5.48,49.07219230769231,Ruim,J45,Alta
2023,J46   Estado de mal asmatico,11,-,0.0541788307443943,4.64,0.0636,0.7676000000000001,5.48,49.07219230769231,Ruim,J46,Alta
2023,J47   Bronquectasia,11,1,0.0541788307443943,4.64,0.0636,0.7676000000000001,5.48,49.07219230769231,Ruim,J47,Alta
2023,J60   Pneumoconiose dos mineiros de carvao,11,1,0.0541788307443943,4.64,0.0636,0.7676000000000001,5.48,49.07219230769231,Ruim,J60,Alta
2023,J67   Pneumonite hipersensibilid dev poeiras org,11,-,0.0541788307443943,4.64,0.0636,0.7676000000000001,5.48,49.07219230769231,Ruim,J67,Alta
2023,J68   Afecc resp dev inal prod quim gas fumac vap,11,-,0.0541788307443943,4.64,0.0636,0.7676000000000001,5.48,49.07219230769231,Ruim,J68,Alta
2023,J69   Pneumonite dev solidos e liquidos,11,3,0.0541788307443943,4.64,0.0636,0.7676000000000001,5.48,49.07219230769231,Ruim,J69,Alta
2023,J42   Bronquite cronica NE,12,-,0.0471892877110431,4.5,0.02,10.8,1.0,,Sem dados,J42,Alta
2023,J43   Enfisema,12,1,0.0471892877110431,4.5,0.02,10.8,1.0,,Sem dados,J43,Alta
2023,J44   Outr doenc pulmonares obstrutivas cronicas,12,14,0.0471892877110431,4.5,0.02,10.8,1.0,,Sem dados,J44,Alta
2023,J45   Asma,12,-,0.0471892877110431,4.5,0.02,10.8,1.0,,Sem dados,J45,Alta
2023,J46   Estado de mal asmatico,12,1,0.0471892877110431,4.5,0.02,10.8,1.0,,Sem dados,J46,Alta
2023,J47   Bronquectasia,12,-,0.0471892877110431,4.5,0.02,10.8,1.0,,Sem dados,J47,Alta
2023,J60   Pneumoconiose dos mineiros de carvao,12,-,0.0471892877110431,4.5,0.02,10.8,1.0,,Sem dados,J60,Alta
2023,J67   Pneumonite hipersensibilid dev poeiras org,12,-,0.0471892877110431,4.5,0.02,10.8,1.0,,Sem dados,J67,Alta
2023,J68   Afecc resp dev inal prod quim gas fumac vap,12,-,0.0471892877110431,4.5,0.02,10.8,1.0,,Sem dados,J68,Alta
2023,J69   Pneumonite dev solidos e liquidos,12,6,0.0471892877110431,4.5,0.02,10.8,1.0,,Sem dados,J69,Alta
